Регион,Субъект,Город,Население 2014,Население в городе 2013
CENTRAL,Белгородская область,Алексеевка,38626,38979
CENTRAL,Белгородская область,Белгород,384425,373528
CENTRAL,Белгородская область,Валуйки,34296,34627
CENTRAL,Белгородская область,Губкин,87405,87556
CENTRAL,Белгородская область,Старый Оскол,221254,220816
CENTRAL,Белгородская область,Строитель,24185,24260
CENTRAL,Белгородская область,Шебекино,43331,43786
CENTRAL,Брянская область,Брянск,426060,410837
CENTRAL,Брянская область,Дятьково,27535,28141
CENTRAL,Брянская область,Клинцы,69181,61515
CENTRAL,Брянская область,Новозыбков,40765,40499
CENTRAL,Брянская область,Унеча,24639,25412
CENTRAL,Владимирская область,Александров,60205,60933
CENTRAL,Владимирская область,Владимир,352690,347930
CENTRAL,Владимирская область,Вязники,37866,39401
CENTRAL,Владимирская область,Гусь-Хрустальный,60707,58571
CENTRAL,Владимирская область,Киржач,27788,28699
CENTRAL,Владимирская область,Ковров,140981,142164
CENTRAL,Владимирская область,Кольчугино,44405,44786
CENTRAL,Владимирская область,Муром,120613,112609
CENTRAL,Воронежская область,Борисоглебск,63678,64891
CENTRAL,Воронежская область,Бутурлиновка,25230,26108
CENTRAL,Воронежская область,Воронеж,1023570,1003638
CENTRAL,Воронежская область,Лиски,54788,55092
CENTRAL,Воронежская область,Нововоронеж,31560,31838
CENTRAL,Воронежская область,Острогожск,32944,33029
CENTRAL,Воронежская область,Павловск,25081,25123
CENTRAL,Воронежская область,Россошь,62688,62507
CENTRAL,Воронежская область,Семилуки,26617,26391
CENTRAL,Ивановская область,Вичуга,35792,36537
CENTRAL,Ивановская область,Иваново,409285,409075
CENTRAL,Ивановская область,Кинешма,85344,86742
CENTRAL,Ивановская область,Кохма,29258,29405
CENTRAL,Ивановская область,Родники,5300,25680
CENTRAL,Ивановская область,Тейково,33276,34344
CENTRAL,Ивановская область,Фурманов,35061,35461
CENTRAL,Ивановская область,Шуя,58795,58616
CENTRAL,Калужская область,Балабаново,25505,25869
CENTRAL,Калужская область,Калуга,342936,331351
CENTRAL,Калужская область,Киров КалО,31008,31404
CENTRAL,Калужская область,Людиново,39239,39819
CENTRAL,Калужская область,Малоярославец,28401,29503
CENTRAL,Калужская область,Обнинск,109365,106023
CENTRAL,Костромская область,Буй,24315,24796
CENTRAL,Костромская область,Кострома,276090,271445
CENTRAL,Костромская область,Нерехта,21719,22138
CENTRAL,Костромская область,Шарья,35994,23709
CENTRAL,Курская область,Железногорск,98756,96563
CENTRAL,Курская область,Курск,435117,428741
CENTRAL,Курская область,Курчатов,39395,40973
CENTRAL,Курская область,Льгов,19905,20579
CENTRAL,Липецкая область,Грязи,46289,46441
CENTRAL,Липецкая область,Данков,19600,20218
CENTRAL,Липецкая область,Елец,105989,106978
CENTRAL,Липецкая область,Лебедянь,20117,20478
CENTRAL,Липецкая область,Липецк,510152,509098
CENTRAL,Москва,Москва,12108257,11979529
CENTRAL,Московская область,Балашиха,260704,235336
CENTRAL,Московская область,Видное,59334,57267
CENTRAL,Московская область,Воскресенск,93824,92856
CENTRAL,Московская область,Дзержинский,51306,48295
CENTRAL,Московская область,Дмитров,65716,64000
CENTRAL,Московская область,Долгопрудный,98788,94989
CENTRAL,Московская область,Домодедово,112052,104662
CENTRAL,Московская область,Дубна,75176,73840
CENTRAL,Московская область,Егорьевск,71285,70765
CENTRAL,Московская область,Железнодорожный,151985,141648
CENTRAL,Московская область,Жуковский,107815,106872
CENTRAL,Московская область,Ивантеевка,69265,63596
CENTRAL,Московская область,Истра,34995,34789
CENTRAL,Московская область,Кашира,39929,40824
CENTRAL,Московская область,Климовск,56239,56207
CENTRAL,Московская область,Клин,79249,79924
CENTRAL,Московская область,Коломна,144253,144707
CENTRAL,Московская область,Королев,220947,187284
CENTRAL,Московская область,Красногорск,137587,127600
CENTRAL,Московская область,Краснознаменск,39273,38262
CENTRAL,Московская область,Ликино-Дулево,30345,30927
CENTRAL,Московская область,Лобня,84225,79436
CENTRAL,Московская область,Луховицы,29893,29762
CENTRAL,Московская область,Лыткарино,56360,55780
CENTRAL,Московская область,Люберцы,189123,181097
CENTRAL,Московская область,Можайск,30513,30736
CENTRAL,Московская область,Мытищи,187119,178672
CENTRAL,Московская область,Наро-Фоминск,62268,62971
CENTRAL,Московская область,Ногинск,102247,101834
CENTRAL,Московская область,Одинцово,141429,137810
CENTRAL,Московская область,Орехово-Зуево,120184,121377
CENTRAL,Московская область,Павловский Посад,65800,64989
CENTRAL,Московская область,Подольск,223896,206669
CENTRAL,Московская область,Протвино,37261,37492
CENTRAL,Московская область,Пушкино,108253,104754
CENTRAL,Московская область,Раменское,106264,100755
CENTRAL,Московская область,Реутов,94180,91026
CENTRAL,Московская область,Сергиев Посад,106007,108490
CENTRAL,Московская область,Серпухов,126728,126845
CENTRAL,Московская область,Солнечногорск,52554,58568
CENTRAL,Московская область,Ступино,66463,66464
CENTRAL,Московская область,Фрязино,58942,57252
CENTRAL,Московская область,Химки,232066,221084
CENTRAL,Московская область,Чехов,69028,65359
CENTRAL,Московская область,Шатура,33308,33109
CENTRAL,Московская область,Щелково,118962,112993
CENTRAL,Московская область,Электросталь,158222,156558
CENTRAL,Московская область,Юбилейный,32737,33078
CENTRAL,Орловская область,Ливны,48327,49342
CENTRAL,Орловская область,Мценск,39181,40704
CENTRAL,Орловская область,Орел,319550,318136
CENTRAL,Рязанская область,Касимов,31494,32426
CENTRAL,Рязанская область,Ряжск,21666,21784
CENTRAL,Рязанская область,Рязань,532772,527905
CENTRAL,Рязанская область,Сасово?,26871,27564
CENTRAL,Рязанская область,Скопин,27444,28862
CENTRAL,Смоленская область,Вязьма,54269,55563
CENTRAL,Смоленская область,Гагарин,29892,30673
CENTRAL,Смоленская область,Десногорск,28517,29102
CENTRAL,Смоленская область,Рославль,51775,53025
CENTRAL,Смоленская область,Сафоново,43477,44444
CENTRAL,Смоленская область,Смоленск,330049,330970
CENTRAL,Смоленская область,Ярцево,46266,46970
CENTRAL,Тамбовская область,Котовск,31136,31406
CENTRAL,Тамбовская область,Мичуринск,95864,96808
CENTRAL,Тамбовская область,Моршанск,39583,40412
CENTRAL,Тамбовская область,Рассказово,44760,44996
CENTRAL,Тамбовская область,Тамбов,288895,281834
CENTRAL,Тамбовская область,Уварово,24792,25765
CENTRAL,Тверская область,Бежецк,22717,23560
CENTRAL,Тверская область,Бологое,21845,22671
CENTRAL,Тверская область,Вышний Волочек,48844,50341
CENTRAL,Тверская область,Кимры,46771,47625
CENTRAL,Тверская область,Конаково,40617,41205
CENTRAL,Тверская область,Нелидово,20508,21581
CENTRAL,Тверская область,Ржев,60334,61091
CENTRAL,Тверская область,Тверь,414006,408877
CENTRAL,Тверская область,Торжок,46690,47260
CENTRAL,Тверская область,Удомля,28972,29911
CENTRAL,Тульская область,Алексин,58716,59747
CENTRAL,Тульская область,Богородицк,31363,31554
CENTRAL,Тульская область,Донской,63955,64266
CENTRAL,Тульская область,Ефремов,36773,38964
CENTRAL,Тульская область,Кимовск,26591,27511
CENTRAL,Тульская область,Киреевск,25073,25174
CENTRAL,Тульская область,Новомосковск,127984,128902
CENTRAL,Тульская область,Тула,490508,493813
CENTRAL,Тульская область,Узловая,52825,53949
CENTRAL,Тульская область,Щекино,58531,58456
CENTRAL,Ярославская область,Переславль-Залесский,40028,40930
CENTRAL,Ярославская область,Ростов Великий,30923,31047
CENTRAL,Ярославская область,Рыбинск,193341,196565
CENTRAL,Ярославская область,Тутаев,45935,40563
CENTRAL,Ярославская область,Углич,32496,33273
CENTRAL,Ярославская область,Ярославль,603961,599169
FAR EAST,Амурская область,Белогорск,67216,67991
FAR EAST,Амурская область,Благовещенск,224192,217644
FAR EAST,Амурская область,Зея,23966,24367
FAR EAST,Амурская область,Свободный,55159,57065
FAR EAST,Амурская область,Тында,33819,34785
FAR EAST,Еврейская автономная область,Биробиджан,74777,75542
FAR EAST,Камчатский край,Вилючинск,21602,21965
FAR EAST,Камчатский край,Елизово,38643,38887
FAR EAST,Камчатский край,Петропавловск-Камчатский,181015,181618
FAR EAST,Магаданская область,Магадан,99740,95048
FAR EAST,Приморский край,Арсеньев,54085,54987
FAR EAST,Приморский край,Артем,102405,102451
FAR EAST,Приморский край,Большой Камень,39126,39447
FAR EAST,Приморский край,Владивосток,603244,600378
FAR EAST,Приморский край,Дальнегорск,35976,36351
FAR EAST,Приморский край,Дальнереченск,26618,27214
FAR EAST,Приморский край,Лесозаводск,36619,36892
FAR EAST,Приморский край,Находка,156442,158358
FAR EAST,Приморский край,Партизанск,37778,38218
FAR EAST,Приморский край,Спасск-Дальний,42491,43305
URAL,Ханты-Мансийский автономный округ - Югра,Сургут,340845,325511
FAR EAST,Приморский край,Фокино,13238,23306
FAR EAST,Республика Саха (Якутия),Алдан,21092,21538
FAR EAST,Республика Саха (Якутия),Ленск,23725,24322
FAR EAST,Республика Саха (Якутия),Мирный ЯкР,34354,34912
FAR EAST,Республика Саха (Якутия),Нерюнгри,58133,60013
FAR EAST,Республика Саха (Якутия),Якутск,299169,286456
FAR EAST,Сахалинская область,Корсаков,32860,33148
FAR EAST,Сахалинская область,Оха,21495,21830
FAR EAST,Сахалинская область,Холмск,28979,29563
FAR EAST,Сахалинская область,Южно-Сахалинск,192734,190227
FAR EAST,Хабаровский край,Амурск,40803,41688
FAR EAST,Хабаровский край,Комсомольск-на-Амуре,253030,257891
FAR EAST,Хабаровский край,Николаевск-на-Амуре,20274,21398
FAR EAST,Хабаровский край,Советская Гавань,25763,26642
FAR EAST,Хабаровский край,Хабаровск,607216,593636
NORTH,Архангельская область,Архангельск,350982,350985
NORTH,Архангельская область,Вельск,23126,23401
NORTH,Архангельская область,Коряжма,37587,38570
NORTH,Архангельская область,Котлас,73855,60348
NORTH,Архангельская область,Мирный АрхО,31370,30631
NORTH,Архангельская область,Нарьян-Мар,23939,22912
NORTH,Архангельская область,Новодвинск,39222,39937
NORTH,Архангельская область,Няндома,20741,21332
NORTH,Архангельская область,Онега,20284,20620
NORTH,Архангельская область,Северодвинск,186172,188539
NORTH,Вологодская область,Великий Устюг,31806,31984
NORTH,Вологодская область,Вологда,311166,306487
NORTH,Вологодская область,Сокол,37562,37898
NORTH,Вологодская область,Череповец,318107,315738
NORTH,Калининградская область,Балтийск,33095,32778
NORTH,Калининградская область,Гусев,28511,28534
NORTH,Калининградская область,Калининград,453461,441376
NORTH,Калининградская область,Светлый,21849,21626
NORTH,Калининградская область,Советск,41212,41802
NORTH,Калининградская область,Черняховск,37521,38571
NORTH,Ленинградская область,Волхов,46076,46827
NORTH,Ленинградская область,Всеволожск,66245,62129
NORTH,Ленинградская область,Выборг,79897,80896
NORTH,Ленинградская область,Гатчина,95860,95135
NORTH,Ленинградская область,Кингисепп,47969,48260
NORTH,Ленинградская область,Кириши,52494,52996
NORTH,Ленинградская область,Кировск,27250,25706
NORTH,Ленинградская область,Колпино,144801,138979
NORTH,Ленинградская область,Коммунар,21575,21099
NORTH,Ленинградская область,Красное Село,52573,44323
NORTH,Ленинградская область,Кронштадт,44074,43005
NORTH,Ленинградская область,Лодейное Поле,20135,20464
NORTH,Ленинградская область,Ломоносов,43209,42505
NORTH,Ленинградская область,Луга,36496,37332
NORTH,Ленинградская область,Никольское,21160,20115
NORTH,Ленинградская область,Отрадное,25481,24994
NORTH,Ленинградская область,Петергоф,76827,73199
NORTH,Ленинградская область,Пикалево,20732,21106
NORTH,Ленинградская область,Пушкин,101101,92889
NORTH,Ленинградская область,Сертолово,50899,49172
NORTH,Ленинградская область,Сестрорецк,39394,37248
NORTH,Ленинградская область,Сланцы,33300,33249
NORTH,Ленинградская область,Сосновый Бор,67397,66967
NORTH,Ленинградская область,Тихвин,58253,58497
NORTH,Ленинградская область,Тосно,39077,39209
NORTH,Мурманская область,Апатиты,57398,58681
NORTH,Мурманская область,Кандалакша,32945,34127
NORTH,Мурманская область,Кировск Мрм,27250,28074
NORTH,Мурманская область,Мончегорск,43213,44007
NORTH,Мурманская область,Мурманск,305236,302468
NORTH,Мурманская область,Оленегорск,21003,21736
NORTH,Мурманская область,Североморск,48977,49873
NORTH,Новгородская область,Боровичи,52687,53141
NORTH,Новгородская область,Великий Новгород,221954,219925
NORTH,Новгородская область,Старая Русса,29979,30371
NORTH,Псковская область,Великие Луки,95606,97866
NORTH,Псковская область,Остров,20773,20423
NORTH,Псковская область,Псков,207571,206154
NORTH,Республика Карелия,Кондопога,31646,31962
NORTH,Республика Карелия,Костомукша,29036,28716
NORTH,Республика Карелия,Петрозаводск,272101,268946
NORTH,Республика Карелия,Сегежа,29036,28555
NORTH,Республика Коми,Воркута,82481,64353
NORTH,Республика Коми,Инта,28797,29404
NORTH,Республика Коми,Печора,40910,41716
NORTH,Республика Коми,Сосногорск,26923,27326
NORTH,Республика Коми,Сыктывкар,257668,240111
NORTH,Республика Коми,Усинск,40624,40021
NORTH,Республика Коми,Ухта,117765,99513
NORTH,Санкт-Петербург,Санкт-Петербург,5191690,5028000
PRIVOLZIE,Кировская область,ВятскиеПоляны,33338,33964
PRIVOLZIE,Кировская область,Киров,31039,483176
PRIVOLZIE,Кировская область,Кирово-Чепецк,75002,77166
PRIVOLZIE,Кировская область,Котельнич,24266,24685
PRIVOLZIE,Кировская область,Омутнинск,22530,22892
PRIVOLZIE,Кировская область,Слободской,33449,33583
PRIVOLZIE,Нижегородская область,Арзамас,104831,105344
PRIVOLZIE,Нижегородская область,Балахна,50107,50422
PRIVOLZIE,Нижегородская область,Богородск,34676,35063
PRIVOLZIE,Нижегородская область,Бор,78145,78015
PRIVOLZIE,Нижегородская область,Выкса,70017,54784
PRIVOLZIE,Нижегородская область,Городец,30563,30570
PRIVOLZIE,Нижегородская область,Дзержинск,239465,237668
PRIVOLZIE,Нижегородская область,Заволжье,39236,39536
PRIVOLZIE,Нижегородская область,Кстово,67375,66989
PRIVOLZIE,Нижегородская область,Кулебаки,34068,34494
PRIVOLZIE,Нижегородская область,Лысково,21414,21539
PRIVOLZIE,Нижегородская область,Нижний Новгород,1270294,1259921
PRIVOLZIE,Нижегородская область,Павлово,58582,59511
PRIVOLZIE,Нижегородская область,Саров,94080,93428
PRIVOLZIE,Нижегородская область,Семенов,24503,24442
PRIVOLZIE,Нижегородская область,Сергач,20715,20931
PRIVOLZIE,Нижегородская область,Шахунья,29688,20683
PRIVOLZIE,Оренбургская область,Бугуруслан,49870,49942
PRIVOLZIE,Оренбургская область,Бузулук,85199,84088
PRIVOLZIE,Оренбургская область,Гай,36092,36996
PRIVOLZIE,Оренбургская область,Кувандык?,24715,25273
PRIVOLZIE,Оренбургская область,Медногорск,26174,26647
PRIVOLZIE,Оренбургская область,Новотроицк,91640,95095
PRIVOLZIE,Оренбургская область,Оренбург,561279,556127
PRIVOLZIE,Оренбургская область,Орск,232905,236390
PRIVOLZIE,Оренбургская область,Соль-Илецк,27279,27748
PRIVOLZIE,Оренбургская область,Сорочинск,28367,28728
PRIVOLZIE,Пензенская область,Заречный ПензО,64497,63868
PRIVOLZIE,Пензенская область,Каменка,37530,38429
PRIVOLZIE,Пензенская область,Кузнецк,85231,87157
PRIVOLZIE,Пензенская область,Нижний Ломов,21626,22185
PRIVOLZIE,Пензенская область,Никольск,7989,22323
PRIVOLZIE,Пензенская область,Пенза,522823,519900
PRIVOLZIE,Пензенская область,Сердобск,33553,34504
PRIVOLZIE,Пермский край,Березники,148955,152966
PRIVOLZIE,Пермский край,Верещагино,22328,22447
PRIVOLZIE,Пермский край,Губаха,33752,26807
PRIVOLZIE,Пермский край,Добрянка,33291,33466
PRIVOLZIE,Пермский край,Краснокамск,53939,71804
PRIVOLZIE,Пермский край,Кудымкар,30739,30162
PRIVOLZIE,Пермский край,Кунгур,66606,66478
PRIVOLZIE,Пермский край,Лысьва,63558,64430
PRIVOLZIE,Пермский край,Оса,21201,21000
PRIVOLZIE,Пермский край,Пермь,1036469,1013887
PRIVOLZIE,Пермский край,Соликамск,95514,96306
PRIVOLZIE,Пермский край,Чайковский,83202,82900
PRIVOLZIE,Пермский край,Чернушка,32687,32807
PRIVOLZIE,Пермский край,Чусовой,50252,46037
PRIVOLZIE,Республика Башкортостан,Белебей,59430,59683
PRIVOLZIE,Республика Башкортостан,Белорецк,66584,67735
PRIVOLZIE,Республика Башкортостан,Бирск,44679,43765
PRIVOLZIE,Республика Башкортостан,Благовещенск БашкР,35013,34844
PRIVOLZIE,Республика Башкортостан,Давлеканово,23973,24069
PRIVOLZIE,Республика Башкортостан,Дюртюли,31152,31152
PRIVOLZIE,Республика Башкортостан,Ишимбай,66240,66341
PRIVOLZIE,Республика Башкортостан,Кумертау,61943,62284
PRIVOLZIE,Республика Башкортостан,Мелеуз,59446,60475
PRIVOLZIE,Республика Башкортостан,Нефтекамск,124005,123540
PRIVOLZIE,Республика Башкортостан,Октябрьский,17222,111551
PRIVOLZIE,Республика Башкортостан,Салават,154593,154884
PRIVOLZIE,Республика Башкортостан,Сибай,62562,62669
PRIVOLZIE,Республика Башкортостан,Стерлитамак,277048,275798
PRIVOLZIE,Республика Башкортостан,Туймазы,68037,67088
PRIVOLZIE,Республика Башкортостан,Уфа,1096702,1077719
PRIVOLZIE,Республика Башкортостан,Учалы,37480,37762
PRIVOLZIE,Республика Башкортостан,Янаул,26074,26597
PRIVOLZIE,Республика Марий Эл,Волжск,54701,54881
PRIVOLZIE,Республика Марий Эл,Йошкар-Ола,263190,257015
PRIVOLZIE,Республика Марий Эл,Козьмодемьянск,20682,21038
PRIVOLZIE,Республика Мордовия,Ковылкино,20560,20958
PRIVOLZIE,Республика Мордовия,Рузаевка,46213,46787
PRIVOLZIE,Республика Мордовия,Саранск,323125,298287
PRIVOLZIE,Республика Татарстан,Азнакаево,34720,34564
PRIVOLZIE,Республика Татарстан,Альметьевск,151157,149044
PRIVOLZIE,Республика Татарстан,Бавлы,22114,22154
PRIVOLZIE,Республика Татарстан,Бугульма,86747,87689
PRIVOLZIE,Республика Татарстан,Буинск,20854,20657
PRIVOLZIE,Республика Татарстан,Елабуга,72929,72049
PRIVOLZIE,Республика Татарстан,Заинск,41046,41303
PRIVOLZIE,Республика Татарстан,Зеленодольск,98462,97929
PRIVOLZIE,Республика Татарстан,Казань,1205651,1176187
PRIVOLZIE,Республика Татарстан,Лениногорск,63635,63906
PRIVOLZIE,Республика Татарстан,Менделеевск,22200,22180
PRIVOLZIE,Республика Татарстан,Набережные Челны,524444,519025
PRIVOLZIE,Республика Татарстан,Нижнекамск,235448,235407
PRIVOLZIE,Республика Татарстан,Нурлат,33102,33153
PRIVOLZIE,Республика Татарстан,Чистополь,61110,60985
PRIVOLZIE,Республика Удмуртия,Воткинск,98222,98287
PRIVOLZIE,Республика Удмуртия,Глазов,94610,95117
PRIVOLZIE,Республика Удмуртия,Ижевск,642024,632913
PRIVOLZIE,Республика Удмуртия,Можга,49777,49284
PRIVOLZIE,Республика Удмуртия,Сарапул,99213,100153
PRIVOLZIE,Самарская область,Жигулевск,55476,55570
PRIVOLZIE,Самарская область,Кинель,57130,33988
PRIVOLZIE,Самарская область,Новокуйбышевск,105007,106883
PRIVOLZIE,Самарская область,Октябрьск,26681,27086
PRIVOLZIE,Самарская область,Отрадный,47593,47603
PRIVOLZIE,Самарская область,Похвистнево,28140,28080
PRIVOLZIE,Самарская область,Самара,1171820,1171598
PRIVOLZIE,Самарская область,Сызрань,175222,176901
PRIVOLZIE,Самарская область,Тольятти,719646,719600
PRIVOLZIE,Самарская область,Чапаевск,72815,72372
PRIVOLZIE,Саратовская область,Аткарск,25481,25438
PRIVOLZIE,Саратовская область,Балаково,193533,196255
PRIVOLZIE,Саратовская область,Балашов,79067,80668
PRIVOLZIE,Саратовская область,Вольск,64347,65163
PRIVOLZIE,Саратовская область,Ершов,20557,20927
PRIVOLZIE,Саратовская область,Красноармейск,26594,23858
PRIVOLZIE,Саратовская область,Маркс,31870,31724
PRIVOLZIE,Саратовская область,Петровск,30037,30441
PRIVOLZIE,Саратовская область,Пугачев,41356,41355
PRIVOLZIE,Саратовская область,Ртищево,40043,40649
PRIVOLZIE,Саратовская область,Саратов,842097,839755
PRIVOLZIE,Саратовская область,Энгельс,256086,212899
PRIVOLZIE,Ульяновская область,Димитровград,117383,119999
PRIVOLZIE,Ульяновская область,Ульяновск,619492,615306
PRIVOLZIE,Чувашская Республика,Алатырь,36123,37042
PRIVOLZIE,Чувашская Республика,Канаш,45734,45759
PRIVOLZIE,Чувашская Республика,Новочебоксарск,124869,123922
PRIVOLZIE,Чувашская Республика,Чебоксары,473895,464940
PRIVOLZIE,Чувашская Республика,Шумерля,30347,30798
SIBERIA,Алтайский край,Алейск,28372,28825
SIBERIA,Алтайский край,Барнаул,655656,629681
SIBERIA,Алтайский край,Бийск,204164,205250
SIBERIA,Алтайский край,Заринск,47274,47771
SIBERIA,Алтайский край,Камень-на-Оби,41897,42813
SIBERIA,Алтайский край,Новоалтайск,72308,70357
SIBERIA,Алтайский край,Рубцовск,146516,145834
SIBERIA,Алтайский край,Славгород,30591,31707
SIBERIA,Забайкальский край,Борзя,29405,30308
SIBERIA,Забайкальский край,Краснокаменск,53795,55418
SIBERIA,Забайкальский край,Чита,339453,331346
SIBERIA,Иркутская область,Ангарск,229592,231340
SIBERIA,Иркутская область,Братск,236313,241273
SIBERIA,Иркутская область,Вихоревка,21767,21963
SIBERIA,Иркутская область,Железногорск-Илимский,24505,24955
SIBERIA,Иркутская область,Зима,31440,31936
SIBERIA,Иркутская область,Иркутск,620099,606137
SIBERIA,Иркутская область,Нижнеудинск,34813,35500
SIBERIA,Иркутская область,Саянск,38887,39453
SIBERIA,Иркутская область,Тайшет,33836,34339
SIBERIA,Иркутская область,Тулун,42029,42961
SIBERIA,Иркутская область,Усолье-Сибирское,79363,81385
SIBERIA,Иркутская область,Усть-Илимск,83023,84315
SIBERIA,Иркутская область,Усть-Кут,43552,44301
SIBERIA,Иркутская область,Черемхово,51373,51597
SIBERIA,Иркутская область,Шелехов,46775,47974
SIBERIA,Кемеровская область,Анжеро-Судженск,74376,74990
SIBERIA,Кемеровская область,Белово,74313,74960
SIBERIA,Кемеровская область,Березовский КемО,47352,47233
SIBERIA,Кемеровская область,Гурьевск,23676,24436
SIBERIA,Кемеровская область,Калтан,21349,21864
SIBERIA,Кемеровская область,Кемерово,549159,540095
SIBERIA,Кемеровская область,Киселевск,93367,95781
SIBERIA,Кемеровская область,Ленинск-Кузнецкий,98667,99689
SIBERIA,Кемеровская область,Мариинск,39619,40092
SIBERIA,Кемеровская область,Междуреченск,1208,99809
SIBERIA,Кемеровская область,Мыски,42309,42697
SIBERIA,Кемеровская область,Новокузнецк,550127,549182
SIBERIA,Кемеровская область,Осинники,43901,44771
SIBERIA,Кемеровская область,Полысаево,26893,27453
SIBERIA,Кемеровская область,Прокопьевск,202672,204932
SIBERIA,Кемеровская область,Тайга,24698,25481
SIBERIA,Кемеровская область,Таштагол,23085,23091
SIBERIA,Кемеровская область,Топки,28129,28217
SIBERIA,Кемеровская область,Юрга,81139,81385
SIBERIA,Красноярский край,Ачинск,107302,107583
SIBERIA,Красноярский край,Боготол,20545,20855
SIBERIA,Красноярский край,Дивногорск,29115,28713
SIBERIA,Красноярский край,Дудинка,22204,22339
SIBERIA,Красноярский край,Железногорск Сиб,84930,84943
SIBERIA,Красноярский край,Зеленогорск,14776,65055
SIBERIA,Красноярский край,Канск,91658,92575
SIBERIA,Красноярский край,Красноярск,1052218,1016385
SIBERIA,Красноярский край,Лесосибирск,64789,60607
SIBERIA,Красноярский край,Минусинск,71083,69263
SIBERIA,Красноярский край,Назарово,51069,51759
SIBERIA,Красноярский край,Норильск,176971,177738
SIBERIA,Красноярский край,Сосновоборск,37093,34499
SIBERIA,Красноярский край,Шарыпово,46902,37842
SIBERIA,Новосибирская область,Барабинск,29530,29895
SIBERIA,Новосибирская область,Бердск,102608,100259
SIBERIA,Новосибирская область,Искитим,57795,58342
SIBERIA,Новосибирская область,Карасук,27650,28415
SIBERIA,Новосибирская область,Куйбышев,44627,44606
SIBERIA,Новосибирская область,Новосибирск,1567087,1523801
SIBERIA,Новосибирская область,Обь,28387,26792
SIBERIA,Новосибирская область,Татарск,24208,24008
SIBERIA,Новосибирская область,Тогучин,21530,21821
SIBERIA,Омская область,Исилькуль,23865,24196
SIBERIA,Омская область,Калачинск,22 656,22915
SIBERIA,Омская область,Омск,1173854,1160670
SIBERIA,Омская область,Тара,27922,27740
SIBERIA,Республика Алтай,Горно-Алтайск,62309,60828
SIBERIA,Республика Бурятия,Гусиноозерск,23 307,23781
SIBERIA,Республика Бурятия,Северобайкальск,24 101,24449
SIBERIA,Республика Бурятия,Улан-Удэ,426 650,416079
SIBERIA,Республика Тыва,Кызыл,114181,113333
SIBERIA,Республика Хакасия,Абакан,176200,169760
SIBERIA,Республика Хакасия,Саяногорск,48851,48942
SIBERIA,Республика Хакасия,Черногорск,73187,72599
SIBERIA,Томская область,Асино,24619,24837
SIBERIA,Томская область,Колпашево,23044,23188
SIBERIA,Томская область,Северск,108407,109594
SIBERIA,Томская область,Стрежевой,41743,41688
SIBERIA,Томская область,Томск,564910,547989
SOUTHERN,Астраханская область,Астрахань,532699,527345
SOUTHERN,Астраханская область,Ахтубинск,38507,39386
SOUTHERN,Астраханская область,Знаменск,27021,27526
SOUTHERN,Волгоградская область,Волгоград,1017451,1018790
SOUTHERN,Волгоградская область,Волжский,326602,327356
SOUTHERN,Волгоградская область,Калач-на-Дону,25629,26882
SOUTHERN,Волгоградская область,Камышин,113402,116724
SOUTHERN,Волгоградская область,Котово,22909,26763
SOUTHERN,Волгоградская область,Михайловка,63304,58656
SOUTHERN,Волгоградская область,Суровикино,19641,20338
SOUTHERN,Волгоградская область,Урюпинск,39171,40142
SOUTHERN,Волгоградская область,Фролово,38129,38836
SOUTHERN,Кабардино-Балкарская республика,Баксан,37527,37163
SOUTHERN,Кабардино-Балкарская республика,Майский,26493,26558
SOUTHERN,Кабардино-Балкарская республика,Нальчик,238987,239098
SOUTHERN,Кабардино-Балкарская республика,Нарткала,30500,31037
SOUTHERN,Кабардино-Балкарская республика,Прохладный,58182,58203
SOUTHERN,Кабардино-Балкарская республика,Тырныауз,37565,20706
SOUTHERN,Краснодарский край,Абинск,36986,35921
SOUTHERN,Краснодарский край,Анапа,70453,63693
SOUTHERN,Краснодарский край,Апшеронск,40244,40266
SOUTHERN,Краснодарский край,Армавир,191568,191389
SOUTHERN,Краснодарский край,Белореченск,52322,53042
SOUTHERN,Краснодарский край,Геленджик,69341,61391
SOUTHERN,Краснодарский край,Горячий Ключ,34585,32404
SOUTHERN,Краснодарский край,Гулькевичи,34347,34645
SOUTHERN,Краснодарский край,Ейск,85760,86310
SOUTHERN,Краснодарский край,Кореновск,41828,41043
SOUTHERN,Краснодарский край,Краснодар,829677,784048
SOUTHERN,Краснодарский край,Кропоткин,79795,80285
SOUTHERN,Краснодарский край,Крымск,56939,57662
SOUTHERN,Краснодарский край,Курганинск,49037,48359
SOUTHERN,Краснодарский край,Лабинск,60971,62076
SOUTHERN,Краснодарский край,Новокубанск,35251,34968
SOUTHERN,Краснодарский край,Новороссийск,262250,251013
SOUTHERN,Краснодарский край,Приморско-Ахтарск,31887,31921
SOUTHERN,Краснодарский край,Славянск-на-Кубани,65380,64721
SOUTHERN,Краснодарский край,Сочи,394718,368011
SOUTHERN,Краснодарский край,Темрюк,38780,38386
SOUTHERN,Краснодарский край,Тимашевск,52953,53446
SOUTHERN,Краснодарский край,Тихорецк,59981,60547
SOUTHERN,Краснодарский край,Туапсе,63185,62959
SOUTHERN,Краснодарский край,Усть-Лабинск,42355,42842
SOUTHERN,Республика Адыгея,Майкоп,144101,144683
SOUTHERN,Республика Дагестан,Буйнакск,63312,62959
SOUTHERN,Республика Дагестан,Дербент,121251,119813
SOUTHERN,Республика Дагестан,Избербаш,56914,55988
SOUTHERN,Республика Дагестан,Каспийск,107329,103181
SOUTHERN,Республика Дагестан,Кизилюрт,41413,33723
SOUTHERN,Республика Дагестан,Кизляр,48102,48037
SOUTHERN,Республика Дагестан,Махачкала,668344,576194
SOUTHERN,Республика Дагестан,Хасавюрт,136789,133858
SOUTHERN,Республика Ингушетия,Карабулак,37883,36494
SOUTHERN,Республика Ингушетия,Малгобек,3438,32515
SOUTHERN,Республика Ингушетия,Назрань,105823,102471
SOUTHERN,Республика Калмыкия,Элиста,104387,104238
SOUTHERN,Республика Карачаево-Черкесия,Карачаевск,33271,20316
SOUTHERN,Республика Карачаево-Черкесия,Усть-Джегута,29779,29953
SOUTHERN,Республика Карачаево-Черкесия,Черкесск,124187,126206
SOUTHERN,Республика Северная Осетия-Алания,Алагир,20270,20575
SOUTHERN,Республика Северная Осетия-Алания,Беслан,37063,37037
SOUTHERN,Республика Северная Осетия-Алания,Владикавказ,324008,308285
SOUTHERN,Республика Северная Осетия-Алания,Моздок,40042,39232
SOUTHERN,Ростовская область,Азов,81995,83030
SOUTHERN,Ростовская область,Аксай,43558,42747
SOUTHERN,Ростовская область,Батайск,119807,115696
SOUTHERN,Ростовская область,Белая Калитва,41734,42441
SOUTHERN,Ростовская область,Волгодонск,170230,170126
SOUTHERN,Ростовская область,Гуково,65336,65775
SOUTHERN,Ростовская область,Донецк,48979,49504
SOUTHERN,Ростовская область,Зверево,20437,25356
SOUTHERN,Ростовская область,Зерноград,25177,28800
SOUTHERN,Ростовская область,Каменск-Шахтинский,91159,92989
SOUTHERN,Ростовская область,Красный Сулин,39212,39859
SOUTHERN,Ростовская область,Миллерово,35873,36388
SOUTHERN,Ростовская область,Морозовск,26290,29222
SOUTHERN,Ростовская область,Новочеркасск,172817,173140
SOUTHERN,Ростовская область,Новошахтинск,109139,110122
SOUTHERN,Ростовская область,Ростов-на-Дону,1114806,1103733
SOUTHERN,Ростовская область,Сальск,59126,60161
SOUTHERN,Ростовская область,Семикаракорск,22496,23473
SOUTHERN,Ростовская область,Таганрог,253040,254783
SOUTHERN,Ростовская область,Шахты,237233,237568
SOUTHERN,Ставропольский край,Благодарный,31720,32148
SOUTHERN,Ставропольский край,Буденновск,63338,64176
SOUTHERN,Ставропольский край,Георгиевск,70803,70645
SOUTHERN,Ставропольский край,Ессентуки,104288,102269
SOUTHERN,Ставропольский край,Железноводск,24950,24466
SOUTHERN,Ставропольский край,Зеленокумск,35639,35772
SOUTHERN,Ставропольский край,Изобильный,38551,39387
SOUTHERN,Ставропольский край,Ипатово,24966,25468
SOUTHERN,Ставропольский край,Кисловодск,130007,129355
SOUTHERN,Ставропольский край,Лермонтов,22741,22680
SOUTHERN,Ставропольский край,Минеральные Воды,75974,76291
SOUTHERN,Ставропольский край,Михайловск,82743,75677
SOUTHERN,Ставропольский край,Невинномысск,117868,117663
SOUTHERN,Ставропольский край,Нефтекумск,25152,26247
SOUTHERN,Ставропольский край,Новоалександровск,26894,26892
SOUTHERN,Ставропольский край,Новопавловск,26221,26312
SOUTHERN,Ставропольский край,Пятигорск,145971,145427
SOUTHERN,Ставропольский край,Светлоград,37819,38323
SOUTHERN,Ставропольский край,Ставрополь,425853,412116
SOUTHERN,Чеченская республика,Грозный,280263,277414
URAL,Курганская область,Курган,326292,325565
URAL,Курганская область,Шадринск,77031,77407
URAL,Свердловская область,Алапаевск,37848,37952
URAL,Свердловская область,Артемовский,31125,32011
URAL,Свердловская область,Асбест,66085,68893
URAL,Свердловская область,Березовский СвердО,56030,54378
URAL,Свердловская область,Богданович,29412,29903
URAL,Свердловская область,Верхняя Пышма,65829,62588
URAL,Свердловская область,Верхняя Салда,43959,44936
URAL,Свердловская область,Екатеринбург,1428262,1396074
URAL,Свердловская область,Заречный СвердО,27687,27115
URAL,Свердловская область,Ирбит,37665,37857
URAL,Свердловская область,Каменск-Уральский,170840,172145
URAL,Свердловская область,Камышлов,26537,26782
URAL,Свердловская область,Карпинск,27653,28236
URAL,Свердловская область,Качканар,40000,40606
URAL,Свердловская область,Кировград,20287,20481
URAL,Свердловская область,Краснотурьинск,58597,59219
URAL,Свердловская область,Красноуральск,23516,24274
URAL,Свердловская область,Красноуфимск,39267,39353
URAL,Свердловская область,Кушва?,29147,29541
URAL,Свердловская область,Лесной,8515,49684
URAL,Свердловская область,Невьянск,23790,24034
URAL,Свердловская область,Нижний Тагил,356744,358378
URAL,Свердловская область,Нижняя Тура,20800,21503
URAL,Свердловская область,Новоуральск,82605,83623
URAL,Свердловская область,Первоуральск,125382,125490
URAL,Свердловская область,Полевской,62728,63412
URAL,Свердловская область,Ревда,7908,61826
URAL,Свердловская область,Реж,37692,37662
URAL,Свердловская область,Североуральск,27051,28062
URAL,Свердловская область,Серов,98128,98884
URAL,Свердловская область,Среднеуральск,21941,21102
URAL,Свердловская область,Сухой Лог,34207,34498
URAL,Свердловская область,Сысерть,20973,20558
URAL,Свердловская область,Тавда,34067,34615
URAL,Тюменская область,Заводоуковск,25408,25316
URAL,Тюменская область,Ишим,65289,64897
URAL,Тюменская область,Тобольск,98162,98169
URAL,Тюменская область,Тюмень,697037,657011
URAL,Тюменская область,Ялуторовск,38838,37488
URAL,Ханты-Мансийский автономный округ - Югра,Белоярский,20271,20218
URAL,Ханты-Мансийский автономный округ - Югра,Когалым,62191,59994
URAL,Ханты-Мансийский автономный округ - Югра,Лангепас,42956,42683
URAL,Ханты-Мансийский автономный округ - Югра,Лянтор,40135,39866
URAL,Ханты-Мансийский автономный округ - Югра,Мегион,56104,48539
URAL,Ханты-Мансийский автономный округ - Югра,Нижневартовск,268456,263228
URAL,Ханты-Мансийский автономный округ - Югра,Нягань,56617,55638
URAL,Ханты-Мансийский автономный округ - Югра,Пыть-Ях,41005,40818
URAL,Ханты-Мансийский автономный округ - Югра,Радужный,42911,43580
URAL,Ханты-Мансийский автономный округ - Югра,Советский,41212,27631
FAR EAST,Приморский край,Уссурийск,166819,165072
URAL,Ханты-Мансийский автономный округ - Югра,Урай,40361,39579
URAL,Ханты-Мансийский автономный округ - Югра,Ханты-Мансийск,95353,90961
URAL,Ханты-Мансийский автономный округ - Югра,Югорск,36327,35294
URAL,Ханты-Мансийский автономный округ - Югра,Нефтеюганск,125368,125882
URAL,Челябинская область,Аша,30714,31152
URAL,Челябинская область,Бакал,20256,20485
URAL,Челябинская область,Верхний Уфалей,29096,29518
URAL,Челябинская область,Еманжелинск,29931,30252
URAL,Челябинская область,Златоуст,170920,172318
URAL,Челябинская область,Карталы,28757,28763
URAL,Челябинская область,Копейск,141878,139875
URAL,Челябинская область,Коркино,36219,37333
URAL,Челябинская область,Кыштым,38463,38604
URAL,Челябинская область,Магнитогорск,417057,411880
URAL,Челябинская область,Миасс,150824,150665
URAL,Челябинская область,Озерск,80596,81023
URAL,Челябинская область,Сатка,43229,43934
URAL,Челябинская область,Снежинск,49475,49116
URAL,Челябинская область,Трехгорный,32789,33002
URAL,Челябинская область,Троицк,76456,77737
URAL,Челябинская область,Усть-Катав,23064,23169
URAL,Челябинская область,Чебаркуль,40752,41539
URAL,Челябинская область,Челябинск,1182221,1156201
URAL,Челябинская область,Южноуральск,37565,37676
URAL,Ямало-Ненецкий автономный округ,Губкинский,87405,24000
URAL,Ямало-Ненецкий автономный округ,Лабытнанги,26549,26279
URAL,Ямало-Ненецкий автономный округ,Муравленко,32786,33247
URAL,Ямало-Ненецкий автономный округ,Надым,45766,48500
URAL,Ямало-Ненецкий автономный округ,Новый Уренгой,115092,116450
URAL,Ямало-Ненецкий автономный округ,Ноябрьск,107129,108087
URAL,Ямало-Ненецкий автономный округ,Салехард,48313,46650
URAL,Ямало-Ненецкий автономный округ,Тарко-Сале,21304,20906